https://www.etsy.com/listing/679721946/fox-basket-large-crochet-basket-toy?ga_order=most_relevant&ga_search_type=all&ga_view_type=gallery&ga_search_query=crochet+basket+nursery&ref=sr_gallery-1-1&organic_search_click=1&col=1,$,130.00,,0
https://www.etsy.com/listing/783738696/fox-nursery-crochet-basket-large-crochet?ga_order=most_relevant&ga_search_type=all&ga_view_type=gallery&ga_search_query=crochet+basket+nursery&ref=sr_gallery-1-2&organic_search_click=1&col=1,$,130.00,,0
https://www.etsy.com/listing/778759450/large-crochet-basket-fox-nursery?ga_order=most_relevant&ga_search_type=all&ga_view_type=gallery&ga_search_query=crochet+basket+nursery&ref=sr_gallery-1-3&organic_search_click=1&col=1,$,130.00,,0
https://www.etsy.com/listing/671210056/crochet-basket-storing-basket-large?ga_order=most_relevant&ga_search_type=all&ga_view_type=gallery&ga_search_query=crochet+basket+nursery&ref=sr_gallery-1-4&organic_search_click=1&cns=1&col=1,$,80.12,,0
https://www.etsy.com/listing/727078693/big-linen-laundry-basket-nursery?ga_order=most_relevant&ga_search_type=all&ga_view_type=gallery&ga_search_query=crochet+basket+nursery&ref=sr_gallery-1-5&organic_search_click=1&frs=1&col=1,$,86.28,,0
https://www.etsy.com/listing/848814319/set-of-4-crochet-baskets-makeup?ga_order=most_relevant&ga_search_type=all&ga_view_type=gallery&ga_search_query=crochet+basket+nursery&ref=sr_gallery-1-6&organic_search_click=1&frs=1&cns=1,$,103.78,,0
https://www.etsy.com/listing/617519004/handmade-small-medium-large-rainbow-pom?ga_order=most_relevant&ga_search_type=all&ga_view_type=gallery&ga_search_query=crochet+basket+nursery&ref=sr_gallery-1-7&organic_search_click=1&pro=1&col=1,$,75.43,,0
https://www.etsy.com/listing/856190709/set-3-basket-decorative-basket-home?ga_order=most_relevant&ga_search_type=all&ga_view_type=gallery&ga_search_query=crochet+basket+nursery&ref=sr_gallery-1-8&organic_search_click=1&sca=1,$,75.00,,0
https://www.etsy.com/listing/603484678/big-crochet-basket-xxxl-storage-handmade?ga_order=most_relevant&ga_search_type=all&ga_view_type=gallery&ga_search_query=crochet+basket+nursery&ref=sr_gallery-1-9&organic_search_click=1&cns=1,$,131.45,,0
https://www.etsy.com/listing/857826799/set-of-2-greenwhite-cactus-crochet?ga_order=most_relevant&ga_search_type=all&ga_view_type=gallery&ga_search_query=crochet+basket+nursery&ref=sr_gallery-1-10&organic_search_click=1&frs=1,$,79.90,,0
https://www.etsy.com/listing/817713592/bunny-basket-crochet-basket-baby-play?ga_order=most_relevant&ga_search_type=all&ga_view_type=gallery&ga_search_query=crochet+basket+nursery&ref=sr_gallery-1-11&organic_search_click=1&pro=1,$,104.00,,0
https://www.etsy.com/listing/791019589/fox-crochet-basket-toy-basket-large?ga_order=most_relevant&ga_search_type=all&ga_view_type=gallery&ga_search_query=crochet+basket+nursery&ref=sr_gallery-1-12&organic_search_click=1&col=1,$,130.00,,0
https://www.etsy.com/listing/699322879/large-fox-crochet-organizer-nursery?ga_order=most_relevant&ga_search_type=all&ga_view_type=gallery&ga_search_query=crochet+basket+nursery&ref=sr_gallery-1-13&organic_search_click=1&col=1,$,130.00,,0
https://www.etsy.com/listing/657227234/creamy-white-crochet-nursery-basket?ga_order=most_relevant&ga_search_type=all&ga_view_type=gallery&ga_search_query=crochet+basket+nursery&ref=sr_gallery-1-14&organic_search_click=1&frs=1&col=1,$,80.12,,0
https://www.etsy.com/listing/743711882/large-green-crochet-basket-storage?ga_order=most_relevant&ga_search_type=all&ga_view_type=gallery&ga_search_query=crochet+basket+nursery&ref=sr_gallery-1-15&organic_search_click=1&frs=1,$,125.00,,0
https://www.etsy.com/listing/472384812/crochet-storage-basket-neutral-nursery?ga_order=most_relevant&ga_search_type=all&ga_view_type=gallery&ga_search_query=crochet+basket+nursery&ref=sr_gallery-1-16&organic_search_click=1&cns=1,$,76.10,,0
https://www.etsy.com/listing/783145327/grey-ombre-big-laundry-basket-nursery?ga_order=most_relevant&ga_search_type=all&ga_view_type=gallery&ga_search_query=crochet+basket+nursery&ref=sr_gallery-1-17&organic_search_click=1&frs=1&col=1,$,92.44,,0
https://www.etsy.com/listing/808079477/crochet-basket-handmade-storage-basket?ga_order=most_relevant&ga_search_type=all&ga_view_type=gallery&ga_search_query=crochet+basket+nursery&ref=sr_gallery-1-18&organic_search_click=1,$,82.58,,0
https://www.etsy.com/listing/574954829/black-grizzly-bear-faux-taxidermy-plush?ga_order=most_relevant&ga_search_type=all&ga_view_type=gallery&ga_search_query=crochet+basket+nursery&ref=sr_gallery-1-19&organic_search_click=1&cns=1,$,95.00,,0
https://www.etsy.com/listing/794267835/crochet-basket-fox-nursery-toy-basket?ga_order=most_relevant&ga_search_type=all&ga_view_type=gallery&ga_search_query=crochet+basket+nursery&ref=sr_gallery-1-20&organic_search_click=1&col=1,$,130.00,,0
https://www.etsy.com/listing/485857885/large-cotton-cream-basket-storing-basket?ga_order=most_relevant&ga_search_type=all&ga_view_type=gallery&ga_search_query=crochet+basket+nursery&ref=sr_gallery-1-21&organic_search_click=1&frs=1&cns=1,$,138.37,,0
https://www.etsy.com/listing/834251577/modern-basket-decor-storage-solution?ga_order=most_relevant&ga_search_type=all&ga_view_type=gallery&ga_search_query=crochet+basket+nursery&ref=sr_gallery-1-22&organic_search_click=1&col=1,$,80.12,,0
https://www.etsy.com/listing/854541433/rope-jute-laundry-basket-with-lid?ga_order=most_relevant&ga_search_type=all&ga_view_type=gallery&ga_search_query=crochet+basket+nursery&ref=sr_gallery-1-23&organic_search_click=1,$,89.00,,0
https://www.etsy.com/listing/621197514/big-dark-grey-storing-basket-nursery?ga_order=most_relevant&ga_search_type=all&ga_view_type=gallery&ga_search_query=crochet+basket+nursery&ref=sr_gallery-1-24&organic_search_click=1&frs=1&col=1,$,86.28,,0
https://www.etsy.com/listing/775935781/big-orange-laundry-hamper-nursery?ga_order=most_relevant&ga_search_type=all&ga_view_type=gallery&ga_search_query=crochet+basket+nursery&ref=sr_gallery-1-25&organic_search_click=1&frs=1&col=1,$,80.12,,0
https://www.etsy.com/listing/732637931/large-crochet-home-storage-basket-big?ga_order=most_relevant&ga_search_type=all&ga_view_type=gallery&ga_search_query=crochet+basket+nursery&ref=sr_gallery-1-26&organic_search_click=1&frs=1&cns=1,$,80.00,,0
https://www.etsy.com/listing/852100467/set-of-4-crochet-baskets-makeup?ga_order=most_relevant&ga_search_type=all&ga_view_type=gallery&ga_search_query=crochet+basket+nursery&ref=sr_gallery-1-27&organic_search_click=1&frs=1,$,103.78,,0
https://www.etsy.com/listing/720963574/laundry-basket-seagrass-basket-crochet?ga_order=most_relevant&ga_search_type=all&ga_view_type=gallery&ga_search_query=crochet+basket+nursery&ref=sr_gallery-1-28&organic_search_click=1,$,79.00,,0
https://www.etsy.com/listing/825150145/large-toystorage-baskets-35cm-x-35cm?ga_order=most_relevant&ga_search_type=all&ga_view_type=gallery&ga_search_query=crochet+basket+nursery&ref=sr_gallery-1-29&organic_search_click=1&pro=1&col=1,$,90.98,,0
https://www.etsy.com/listing/743266926/crochet-fox-basket-for-toys-toys-storage?ga_order=most_relevant&ga_search_type=all&ga_view_type=gallery&ga_search_query=crochet+basket+nursery&ref=sr_gallery-1-30&organic_search_click=1&frs=1,$,94.80,,0
https://www.etsy.com/listing/783020192/large-crochet-basket-toy-basket-toy?ga_order=most_relevant&ga_search_type=all&ga_view_type=gallery&ga_search_query=crochet+basket+nursery&ref=sr_gallery-1-31&organic_search_click=1&pro=1&col=1,$,104.00,,0
https://www.etsy.com/listing/792454407/blush-large-crochet-basket-toy-basket?ga_order=most_relevant&ga_search_type=all&ga_view_type=gallery&ga_search_query=crochet+basket+nursery&ref=sr_gallery-1-32&organic_search_click=1&col=1,$,130.00,,0
https://www.etsy.com/listing/666861588/crochet-basket-handles-storage-basket?ga_order=most_relevant&ga_search_type=all&ga_view_type=gallery&ga_search_query=crochet+basket+nursery&ref=sr_gallery-1-33&organic_search_click=1&col=1,$,83.82,,0
https://www.etsy.com/listing/693063745/crochet-nesting-baskets-crochet-basket?ga_order=most_relevant&ga_search_type=all&ga_view_type=gallery&ga_search_query=crochet+basket+nursery&ref=sr_gallery-1-34&organic_search_click=1&frs=1,$,125.00,,0
https://www.etsy.com/listing/627623595/round-nursery-basket-crocheted-basket?ga_order=most_relevant&ga_search_type=all&ga_view_type=gallery&ga_search_query=crochet+basket+nursery&ref=sr_gallery-1-35&organic_search_click=1&pro=1,$,95.65,,0
https://www.etsy.com/listing/466217656/large-cotton-beige-basket-storing-basket?ga_order=most_relevant&ga_search_type=all&ga_view_type=gallery&ga_search_query=crochet+basket+nursery&ref=sr_gallery-1-36&organic_search_click=1&frs=1&cns=1,$,138.37,,0
https://www.etsy.com/listing/852543685/laundry-jute-rope-basket?ga_order=most_relevant&ga_search_type=all&ga_view_type=gallery&ga_search_query=crochet+basket+nursery&ref=sr_gallery-1-37&organic_search_click=1,$,78.00,,0
https://www.etsy.com/listing/835882357/crochet-basket-storing-basket-large?ga_order=most_relevant&ga_search_type=all&ga_view_type=gallery&ga_search_query=crochet+basket+nursery&ref=sr_gallery-1-38&organic_search_click=1&frs=1,$,98.61,,0
https://www.etsy.com/listing/735027341/laundry-basket-with-lid-seagrass-basket?ga_order=most_relevant&ga_search_type=all&ga_view_type=gallery&ga_search_query=crochet+basket+nursery&ref=sr_gallery-1-39&organic_search_click=1,$,87.00,,0
https://www.etsy.com/listing/386318374/kids-toy-storage-nursery-basket-toys?ga_order=most_relevant&ga_search_type=all&ga_view_type=gallery&ga_search_query=crochet+basket+nursery&ref=sr_gallery-1-40&organic_search_click=1&frs=1,$,117.10,,0
https://www.etsy.com/listing/674335078/nursery-toy-storage-utensilo-crochet?ga_order=most_relevant&ga_search_type=all&ga_view_type=gallery&ga_search_query=crochet+basket+nursery&ref=sr_gallery-1-41&organic_search_click=1,$,77.65,,0
https://www.etsy.com/listing/651183102/crochet-basket-handmade-storage-basket?ga_order=most_relevant&ga_search_type=all&ga_view_type=gallery&ga_search_query=crochet+basket+nursery&ref=sr_gallery-1-42&organic_search_click=1&col=1,$,80.12,,0
https://www.etsy.com/listing/574159961/large-crochet-basket-home-storage-round?ga_order=most_relevant&ga_search_type=all&ga_view_type=gallery&ga_search_query=crochet+basket+nursery&ref=sr_gallery-1-43&organic_search_click=1&cns=1,$,80.00,,0
https://www.etsy.com/listing/859875957/set-of-3-crochet-baskets-makeup?ga_order=most_relevant&ga_search_type=all&ga_view_type=gallery&ga_search_query=crochet+basket+nursery&ref=sr_gallery-1-44&organic_search_click=1&frs=1,$,96.86,,0
https://www.etsy.com/listing/676789113/beige-storage-crochet-basket-for-home?ga_order=most_relevant&ga_search_type=all&ga_view_type=gallery&ga_search_query=crochet+basket+nursery&ref=sr_gallery-1-45&organic_search_click=1&frs=1&col=1,$,85.05,,0
https://www.etsy.com/listing/508244428/crochet-basket-nursery-neutral-nursery?ga_order=most_relevant&ga_search_type=all&ga_view_type=gallery&ga_search_query=crochet+basket+nursery&ref=sr_gallery-1-46&organic_search_click=1&col=1,$,76.10,,0
https://www.etsy.com/listing/561314709/crochet-storage-basket-pink-nursery?ga_order=most_relevant&ga_search_type=all&ga_view_type=gallery&ga_search_query=crochet+basket+nursery&ref=sr_gallery-1-47&organic_search_click=1&cns=1,$,76.10,,0
https://www.etsy.com/listing/697146475/big-baby-blue-toy-storage-basket-nursery?ga_order=most_relevant&ga_search_type=all&ga_view_type=gallery&ga_search_query=crochet+basket+nursery&ref=sr_gallery-1-48&organic_search_click=1&frs=1&col=1,$,80.12,,0
https://www.etsy.com/listing/697146475/big-baby-blue-toy-storage-basket-nursery?ga_order=most_relevant&ga_search_type=all&ga_view_type=gallery&ga_search_query=crochet+basket+nursery&ref=sr_gallery-1-48&organic_search_click=1&frs=1&col=1,$,80.12,,0
https://www.etsy.com/listing/697146475/big-baby-blue-toy-storage-basket-nursery?ga_order=most_relevant&ga_search_type=all&ga_view_type=gallery&ga_search_query=crochet+basket+nursery&ref=sr_gallery-1-48&organic_search_click=1&frs=1&col=1,$,80.12,,0
https://www.etsy.com/listing/697146475/big-baby-blue-toy-storage-basket-nursery?ga_order=most_relevant&ga_search_type=all&ga_view_type=gallery&ga_search_query=crochet+basket+nursery&ref=sr_gallery-1-48&organic_search_click=1&frs=1&col=1,$,80.12,,0
https://www.etsy.com/listing/697146475/big-baby-blue-toy-storage-basket-nursery?ga_order=most_relevant&ga_search_type=all&ga_view_type=gallery&ga_search_query=crochet+basket+nursery&ref=sr_gallery-1-48&organic_search_click=1&frs=1&col=1,$,80.12,,0
https://www.etsy.com/listing/697146475/big-baby-blue-toy-storage-basket-nursery?ga_order=most_relevant&ga_search_type=all&ga_view_type=gallery&ga_search_query=crochet+basket+nursery&ref=sr_gallery-1-48&organic_search_click=1&frs=1&col=1,$,80.12,,0
https://www.etsy.com/listing/697146475/big-baby-blue-toy-storage-basket-nursery?ga_order=most_relevant&ga_search_type=all&ga_view_type=gallery&ga_search_query=crochet+basket+nursery&ref=sr_gallery-1-48&organic_search_click=1&frs=1&col=1,$,80.12,,0
https://www.etsy.com/listing/697146475/big-baby-blue-toy-storage-basket-nursery?ga_order=most_relevant&ga_search_type=all&ga_view_type=gallery&ga_search_query=crochet+basket+nursery&ref=sr_gallery-1-48&organic_search_click=1&frs=1&col=1,$,80.12,,0
https://www.etsy.com/listing/697146475/big-baby-blue-toy-storage-basket-nursery?ga_order=most_relevant&ga_search_type=all&ga_view_type=gallery&ga_search_query=crochet+basket+nursery&ref=sr_gallery-1-48&organic_search_click=1&frs=1&col=1,$,80.12,,0
https://www.etsy.com/listing/697146475/big-baby-blue-toy-storage-basket-nursery?ga_order=most_relevant&ga_search_type=all&ga_view_type=gallery&ga_search_query=crochet+basket+nursery&ref=sr_gallery-1-48&organic_search_click=1&frs=1&col=1,$,80.12,,0
https://www.etsy.com/listing/697146475/big-baby-blue-toy-storage-basket-nursery?ga_order=most_relevant&ga_search_type=all&ga_view_type=gallery&ga_search_query=crochet+basket+nursery&ref=sr_gallery-1-48&organic_search_click=1&frs=1&col=1,$,80.12,,0
https://www.etsy.com/listing/697146475/big-baby-blue-toy-storage-basket-nursery?ga_order=most_relevant&ga_search_type=all&ga_view_type=gallery&ga_search_query=crochet+basket+nursery&ref=sr_gallery-1-48&organic_search_click=1&frs=1&col=1,$,80.12,,0
https://www.etsy.com/listing/697146475/big-baby-blue-toy-storage-basket-nursery?ga_order=most_relevant&ga_search_type=all&ga_view_type=gallery&ga_search_query=crochet+basket+nursery&ref=sr_gallery-1-48&organic_search_click=1&frs=1&col=1,$,80.12,,0
https://www.etsy.com/listing/778103682/apple-green-laundry-hamper-nursery?ga_order=most_relevant&ga_search_type=all&ga_view_type=gallery&ga_search_query=crochet+basket+nursery&ref=sr_gallery-2-1&organic_search_click=1&frs=1&col=1,$,87.00,,0
https://www.etsy.com/listing/847354141/cotton-rope-basket-with-lid-set-of-3?ga_order=most_relevant&ga_search_type=all&ga_view_type=gallery&ga_search_query=crochet+basket+nursery&ref=sr_gallery-2-2&organic_search_click=1,$,103.00,,0
https://www.etsy.com/listing/854534437/laundry-basket-with-lid-seagrass-basket?ga_order=most_relevant&ga_search_type=all&ga_view_type=gallery&ga_search_query=crochet+basket+nursery&ref=sr_gallery-2-3&organic_search_click=1,$,87.00,,0
https://www.etsy.com/listing/778221324/toy-basket-large-crochet-basket-fox?ga_order=most_relevant&ga_search_type=all&ga_view_type=gallery&ga_search_query=crochet+basket+nursery&ref=sr_gallery-2-4&organic_search_click=1&col=1,$,130.00,,0
https://www.etsy.com/listing/603481996/big-crochet-basket-xxl-storage-handmade?ga_order=most_relevant&ga_search_type=all&ga_view_type=gallery&ga_search_query=crochet+basket+nursery&ref=sr_gallery-2-5&organic_search_click=1&cns=1,$,111.00,,0
https://www.etsy.com/listing/778106110/jam-color-laundry-hamper-nursery?ga_order=most_relevant&ga_search_type=all&ga_view_type=gallery&ga_search_query=crochet+basket+nursery&ref=sr_gallery-2-6&organic_search_click=1&frs=1&col=1,$,81.00,,0
https://www.etsy.com/listing/595126233/crochet-storage-basket-for-bathroom-and?ga_order=most_relevant&ga_search_type=all&ga_view_type=gallery&ga_search_query=crochet+basket+nursery&ref=sr_gallery-2-7&organic_search_click=1,$,79.00,,0
https://www.etsy.com/listing/815632405/large-decorative-wall-basket-jute-wall?ga_order=most_relevant&ga_search_type=all&ga_view_type=gallery&ga_search_query=crochet+basket+nursery&ref=sr_gallery-2-8&organic_search_click=1&cns=1,$,139.00,,0
https://www.etsy.com/listing/466210328/crochet-grey-basket-neutral-nursery?ga_order=most_relevant&ga_search_type=all&ga_view_type=gallery&ga_search_query=crochet+basket+nursery&ref=sr_gallery-2-9&organic_search_click=1&cns=1,$,77.00,,0
https://www.etsy.com/listing/669849008/large-crochet-basket-nursery-room-decor?ga_order=most_relevant&ga_search_type=all&ga_view_type=gallery&ga_search_query=crochet+basket+nursery&ref=sr_gallery-2-10&organic_search_click=1&frs=1,$,75.00,,0
https://www.etsy.com/listing/757580303/wool-crochet-basket-storage-basket?ga_order=most_relevant&ga_search_type=all&ga_view_type=gallery&ga_search_query=crochet+basket+nursery&ref=sr_gallery-2-11&organic_search_click=1&frs=1&cns=1,$,100.00,,0
https://www.etsy.com/listing/752948878/crochet-basket-handmade-storage-basket?ga_order=most_relevant&ga_search_type=all&ga_view_type=gallery&ga_search_query=crochet+basket+nursery&ref=sr_gallery-2-12&organic_search_click=1&col=1,$,81.00,,0
https://www.etsy.com/listing/811623525/basket-is-big-round-white-rope-basket?ga_order=most_relevant&ga_search_type=all&ga_view_type=gallery&ga_search_query=crochet+basket+nursery&ref=sr_gallery-2-13&organic_search_click=1&col=1,$,99.00,,0
https://www.etsy.com/listing/844340220/two-colors-crochet-storing-basket?ga_order=most_relevant&ga_search_type=all&ga_view_type=gallery&ga_search_query=crochet+basket+nursery&ref=sr_gallery-2-14&organic_search_click=1&frs=1&col=1,$,87.00,,0
https://www.etsy.com/listing/703018756/chevron-storage-basket-custom-colors?ga_order=most_relevant&ga_search_type=all&ga_view_type=gallery&ga_search_query=crochet+basket+nursery&ref=sr_gallery-2-15&organic_search_click=1&frs=1&col=1,$,79.00,,0
https://www.etsy.com/listing/474671238/crochet-basketrope-basketstorage?ga_order=most_relevant&ga_search_type=all&ga_view_type=gallery&ga_search_query=crochet+basket+nursery&ref=sr_gallery-2-16&organic_search_click=1&frs=1&col=1,$,80.00,,0
https://www.etsy.com/listing/740100651/crochet-kids-toy-basket-square-storage?ga_order=most_relevant&ga_search_type=all&ga_view_type=gallery&ga_search_query=crochet+basket+nursery&ref=sr_gallery-2-17&organic_search_click=1&col=1,$,80.12,,0
https://www.etsy.com/listing/738666165/heather-color-big-storage-nursery-hamper?ga_order=most_relevant&ga_search_type=all&ga_view_type=gallery&ga_search_query=crochet+basket+nursery&ref=sr_gallery-2-18&organic_search_click=1&frs=1&col=1,$,87.00,,0
https://www.etsy.com/listing/820123400/handwoven-round-laundry-hamper-storage?ga_order=most_relevant&ga_search_type=all&ga_view_type=gallery&ga_search_query=crochet+basket+nursery&ref=sr_gallery-2-19&organic_search_click=1&frs=1&cns=1,$,120.99,,0
https://www.etsy.com/listing/758299175/baby-changing-pad-and-wool-blanket?ga_order=most_relevant&ga_search_type=all&ga_view_type=gallery&ga_search_query=crochet+basket+nursery&ref=sr_gallery-2-20&organic_search_click=1&frs=1&cns=1,$,106.00,,0
https://www.etsy.com/listing/697787204/big-toys-basket-crochet-storage-basket?ga_order=most_relevant&ga_search_type=all&ga_view_type=gallery&ga_search_query=crochet+basket+nursery&ref=sr_gallery-2-21&organic_search_click=1&frs=1,$,120.00,,0
https://www.etsy.com/listing/800860154/crochet-basket?ga_order=most_relevant&ga_search_type=all&ga_view_type=gallery&ga_search_query=crochet+basket+nursery&ref=sr_gallery-2-22&organic_search_click=1&frs=1,$,100.00,,0
https://www.etsy.com/listing/835418730/handwoven-many-sizes-rainbow-pom-pom?ga_order=most_relevant&ga_search_type=all&ga_view_type=gallery&ga_search_query=crochet+basket+nursery&ref=sr_gallery-2-23&organic_search_click=1&pro=1&col=1,$,75.66,,0
https://www.etsy.com/listing/599994121/toy-storage-basket-large-custom-made?ga_order=most_relevant&ga_search_type=all&ga_view_type=gallery&ga_search_query=crochet+basket+nursery&ref=sr_gallery-2-24&organic_search_click=1&pro=1&col=1,$,90.98,,0
https://www.etsy.com/listing/712753871/white-crochet-laundry-basket-nursery?ga_order=most_relevant&ga_search_type=all&ga_view_type=gallery&ga_search_query=crochet+basket+nursery&ref=sr_gallery-2-25&organic_search_click=1&frs=1&col=1,$,81.00,,0
https://www.etsy.com/listing/798815238/baby-changing-basket-with-mattress?ga_order=most_relevant&ga_search_type=all&ga_view_type=gallery&ga_search_query=crochet+basket+nursery&ref=sr_gallery-2-26&organic_search_click=1&frs=1&col=1,$,129.00,,0
https://www.etsy.com/listing/797916902/set-of-two-baskets-rope-basket-round?ga_order=most_relevant&ga_search_type=all&ga_view_type=gallery&ga_search_query=crochet+basket+nursery&ref=sr_gallery-2-27&organic_search_click=1&frs=1&col=1,$,135.00,,0
https://www.etsy.com/listing/469254190/crochet-nursery-basket-neutral-nursery?ga_order=most_relevant&ga_search_type=all&ga_view_type=gallery&ga_search_query=crochet+basket+nursery&ref=sr_gallery-2-28&organic_search_click=1&cns=1,$,77.00,,0
https://www.etsy.com/listing/755205597/large-crochet-storage-basket-round?ga_order=most_relevant&ga_search_type=all&ga_view_type=gallery&ga_search_query=crochet+basket+nursery&ref=sr_gallery-2-29&organic_search_click=1&col=1,$,109.70,,0
https://www.etsy.com/listing/273094978/firewood-holder-laundry-basket-laundry?ga_order=most_relevant&ga_search_type=all&ga_view_type=gallery&ga_search_query=crochet+basket+nursery&ref=sr_gallery-2-30&organic_search_click=1&frs=1,$,109.00,,0
https://www.etsy.com/listing/847267652/moses-basket?ga_order=most_relevant&ga_search_type=all&ga_view_type=gallery&ga_search_query=crochet+basket+nursery&ref=sr_gallery-2-31&organic_search_click=1,$,123.14,,0
https://www.etsy.com/listing/694795829/nursery-storage-basket-nursery-crochet?ga_order=most_relevant&ga_search_type=all&ga_view_type=gallery&ga_search_query=crochet+basket+nursery&ref=sr_gallery-2-32&organic_search_click=1&frs=1,$,98.61,,0
https://www.etsy.com/listing/845534329/crochet-basket-toy-storage?ga_order=most_relevant&ga_search_type=all&ga_view_type=gallery&ga_search_query=crochet+basket+nursery&ref=sr_gallery-2-33&organic_search_click=1&pro=1&col=1,$,88.00,,0
https://www.etsy.com/listing/737904073/luxury-baby-nest-softening-baby-bed?ga_order=most_relevant&ga_search_type=all&ga_view_type=gallery&ga_search_query=crochet+basket+nursery&ref=sr_gallery-2-34&organic_search_click=1&frs=1&cns=1,$,130.00,,0
https://www.etsy.com/listing/551096170/baby-boy-nursery-decor-white-baby-blue-3?ga_order=most_relevant&ga_search_type=all&ga_view_type=gallery&ga_search_query=crochet+basket+nursery&ref=sr_gallery-2-35&organic_search_click=1&frs=1,$,75.80,,0
https://www.etsy.com/listing/508242680/crocheted-basket-for-kids-monochrome?ga_order=most_relevant&ga_search_type=all&ga_view_type=gallery&ga_search_query=crochet+basket+nursery&ref=sr_gallery-2-36&organic_search_click=1&cns=1,$,77.00,,0
https://www.etsy.com/listing/502438132/crochet-baby-blanket-baby-girl-baby?ga_order=most_relevant&ga_search_type=all&ga_view_type=gallery&ga_search_query=crochet+basket+nursery&ref=sr_gallery-2-37&organic_search_click=1&frs=1&cns=1,$,75.00,,0
https://www.etsy.com/listing/813840488/boho-plates-wall-set-of-4-wicker-wall?ga_order=most_relevant&ga_search_type=all&ga_view_type=gallery&ga_search_query=crochet+basket+nursery&ref=sr_gallery-2-38&organic_search_click=1&frs=1,$,103.00,,0
https://www.etsy.com/listing/492151695/crochet-basket-rope-basket-storage?ga_order=most_relevant&ga_search_type=all&ga_view_type=gallery&ga_search_query=crochet+basket+nursery&ref=sr_gallery-2-39&organic_search_click=1&frs=1&col=1,$,76.00,,0
https://www.etsy.com/listing/774759691/basket-accent-basket-crochet-basket?ga_order=most_relevant&ga_search_type=all&ga_view_type=gallery&ga_search_query=crochet+basket+nursery&ref=sr_gallery-2-40&organic_search_click=1,$,79.67,,0
https://www.etsy.com/listing/688004548/woodland-fox-and-bear-basket-set-nursery?ga_order=most_relevant&ga_search_type=all&ga_view_type=gallery&ga_search_query=crochet+basket+nursery&ref=sr_gallery-2-41&organic_search_click=1&col=1,$,100.00,,0
https://www.etsy.com/listing/651997028/woodland-nursery-decor-set-bear-head-and?ga_order=most_relevant&ga_search_type=all&ga_view_type=gallery&ga_search_query=crochet+basket+nursery&ref=sr_gallery-2-42&organic_search_click=1,$,140.00,,0
https://www.etsy.com/listing/816115164/boho-wall-set-of-4-wicker-wall-decor-art?ga_order=most_relevant&ga_search_type=all&ga_view_type=gallery&ga_search_query=crochet+basket+nursery&ref=sr_gallery-2-43&organic_search_click=1&frs=1,$,119.00,,0
https://www.etsy.com/listing/572081107/crochet-nursery-basket-nursery-basket?ga_order=most_relevant&ga_search_type=all&ga_view_type=gallery&ga_search_query=crochet+basket+nursery&ref=sr_gallery-2-44&organic_search_click=1&frs=1,$,104.15,,0
https://www.etsy.com/listing/642386696/chunky-knit-basket-for-toys?ga_order=most_relevant&ga_search_type=all&ga_view_type=gallery&ga_search_query=crochet+basket+nursery&ref=sr_gallery-2-45&organic_search_click=1&frs=1,$,87.00,,0
https://www.etsy.com/listing/674353055/blueberry-crochet-nursery-basket?ga_order=most_relevant&ga_search_type=all&ga_view_type=gallery&ga_search_query=crochet+basket+nursery&ref=sr_gallery-2-46&organic_search_click=1&frs=1&col=1,$,81.00,,0
https://www.etsy.com/listing/628163553/woodland-nursery-decor-set-faux?ga_order=most_relevant&ga_search_type=all&ga_view_type=gallery&ga_search_query=crochet+basket+nursery&ref=sr_gallery-2-47&organic_search_click=1,$,139.00,,0
https://www.etsy.com/listing/513855866/crochet-storage-basket-neutral-bedroom?ga_order=most_relevant&ga_search_type=all&ga_view_type=gallery&ga_search_query=crochet+basket+nursery&ref=sr_gallery-2-48&organic_search_click=1&cns=1,$,77.00,,0
https://www.etsy.com/listing/513855866/crochet-storage-basket-neutral-bedroom?ga_order=most_relevant&ga_search_type=all&ga_view_type=gallery&ga_search_query=crochet+basket+nursery&ref=sr_gallery-2-48&organic_search_click=1&cns=1,$,77.00,,0
https://www.etsy.com/listing/513855866/crochet-storage-basket-neutral-bedroom?ga_order=most_relevant&ga_search_type=all&ga_view_type=gallery&ga_search_query=crochet+basket+nursery&ref=sr_gallery-2-48&organic_search_click=1&cns=1,$,77.00,,0
https://www.etsy.com/listing/513855866/crochet-storage-basket-neutral-bedroom?ga_order=most_relevant&ga_search_type=all&ga_view_type=gallery&ga_search_query=crochet+basket+nursery&ref=sr_gallery-2-48&organic_search_click=1&cns=1,$,77.00,,0
https://www.etsy.com/listing/513855866/crochet-storage-basket-neutral-bedroom?ga_order=most_relevant&ga_search_type=all&ga_view_type=gallery&ga_search_query=crochet+basket+nursery&ref=sr_gallery-2-48&organic_search_click=1&cns=1,$,77.00,,0
https://www.etsy.com/listing/513855866/crochet-storage-basket-neutral-bedroom?ga_order=most_relevant&ga_search_type=all&ga_view_type=gallery&ga_search_query=crochet+basket+nursery&ref=sr_gallery-2-48&organic_search_click=1&cns=1,$,77.00,,0
https://www.etsy.com/listing/513855866/crochet-storage-basket-neutral-bedroom?ga_order=most_relevant&ga_search_type=all&ga_view_type=gallery&ga_search_query=crochet+basket+nursery&ref=sr_gallery-2-48&organic_search_click=1&cns=1,$,77.00,,0
https://www.etsy.com/listing/513855866/crochet-storage-basket-neutral-bedroom?ga_order=most_relevant&ga_search_type=all&ga_view_type=gallery&ga_search_query=crochet+basket+nursery&ref=sr_gallery-2-48&organic_search_click=1&cns=1,$,77.00,,0
https://www.etsy.com/listing/513855866/crochet-storage-basket-neutral-bedroom?ga_order=most_relevant&ga_search_type=all&ga_view_type=gallery&ga_search_query=crochet+basket+nursery&ref=sr_gallery-2-48&organic_search_click=1&cns=1,$,77.00,,0
https://www.etsy.com/listing/513855866/crochet-storage-basket-neutral-bedroom?ga_order=most_relevant&ga_search_type=all&ga_view_type=gallery&ga_search_query=crochet+basket+nursery&ref=sr_gallery-2-48&organic_search_click=1&cns=1,$,77.00,,0
https://www.etsy.com/listing/513855866/crochet-storage-basket-neutral-bedroom?ga_order=most_relevant&ga_search_type=all&ga_view_type=gallery&ga_search_query=crochet+basket+nursery&ref=sr_gallery-2-48&organic_search_click=1&cns=1,$,77.00,,0
https://www.etsy.com/listing/513855866/crochet-storage-basket-neutral-bedroom?ga_order=most_relevant&ga_search_type=all&ga_view_type=gallery&ga_search_query=crochet+basket+nursery&ref=sr_gallery-2-48&organic_search_click=1&cns=1,$,77.00,,0
https://www.etsy.com/listing/513855866/crochet-storage-basket-neutral-bedroom?ga_order=most_relevant&ga_search_type=all&ga_view_type=gallery&ga_search_query=crochet+basket+nursery&ref=sr_gallery-2-48&organic_search_click=1&cns=1,$,77.00,,0
https://www.etsy.com/listing/668823694/baskets-cosmetics-bathroom-set-knit?ga_order=most_relevant&ga_search_type=all&ga_view_type=gallery&ga_search_query=crochet+basket+nursery&ref=sr_gallery-3-1&organic_search_click=1,$,82.00,,0
https://www.etsy.com/listing/852403197/handmade-crochet-chunky-cotton-floor?ga_order=most_relevant&ga_search_type=all&ga_view_type=gallery&ga_search_query=crochet+basket+nursery&ref=sr_gallery-3-2&organic_search_click=1&frs=1,$,76.10,,0
https://www.etsy.com/listing/760886086/basket-accent-basket-crochet-basket?ga_order=most_relevant&ga_search_type=all&ga_view_type=gallery&ga_search_query=crochet+basket+nursery&ref=sr_gallery-3-3&organic_search_click=1,$,79.67,,0
https://www.etsy.com/listing/229872879/crochet-storage-basket-crocheted-bag?ga_order=most_relevant&ga_search_type=all&ga_view_type=gallery&ga_search_query=crochet+basket+nursery&ref=sr_gallery-3-4&organic_search_click=1&cns=1,$,77.00,,0
https://www.etsy.com/listing/654239273/green-big-bubble-crochet-toy-basket?ga_order=most_relevant&ga_search_type=all&ga_view_type=gallery&ga_search_query=crochet+basket+nursery&ref=sr_gallery-3-5&organic_search_click=1&frs=1&col=1,$,81.00,,0
https://www.etsy.com/listing/845860959/rectangular-basket-handmade-basket?ga_order=most_relevant&ga_search_type=all&ga_view_type=gallery&ga_search_query=crochet+basket+nursery&ref=sr_gallery-3-6&organic_search_click=1,$,99.00,,0
https://www.etsy.com/listing/711302187/crocheted-large-nature-white-basket?ga_order=most_relevant&ga_search_type=all&ga_view_type=gallery&ga_search_query=crochet+basket+nursery&ref=sr_gallery-3-7&organic_search_click=1&pro=1&frs=1,$,78.41,,0
https://www.etsy.com/listing/683784645/large-crochet-basket-nursery-room-decor?ga_order=most_relevant&ga_search_type=all&ga_view_type=gallery&ga_search_query=crochet+basket+nursery&ref=sr_gallery-3-8&organic_search_click=1&frs=1,$,75.00,,0
https://www.etsy.com/listing/683139437/crochet-round-laundry-basket-basket-with?ga_order=most_relevant&ga_search_type=all&ga_view_type=gallery&ga_search_query=crochet+basket+nursery&ref=sr_gallery-3-9&organic_search_click=1&pro=1,$,98.40,,0
https://www.etsy.com/listing/760883016/basket-accent-basket-crochet-basket?ga_order=most_relevant&ga_search_type=all&ga_view_type=gallery&ga_search_query=crochet+basket+nursery&ref=sr_gallery-3-10&organic_search_click=1,$,79.67,,0
https://www.etsy.com/listing/820144954/moses-basket-baby-bassinet-baby-nest?ga_order=most_relevant&ga_search_type=all&ga_view_type=gallery&ga_search_query=crochet+basket+nursery&ref=sr_gallery-3-11&organic_search_click=1&frs=1,$,120.99,,0
https://www.etsy.com/listing/506133104/crochet-basketrope-basketstorage?ga_order=most_relevant&ga_search_type=all&ga_view_type=gallery&ga_search_query=crochet+basket+nursery&ref=sr_gallery-3-12&organic_search_click=1&frs=1,$,100.00,,0
https://www.etsy.com/listing/561414065/white-crochet-basket-set-crochet-basket?ga_order=most_relevant&ga_search_type=all&ga_view_type=gallery&ga_search_query=crochet+basket+nursery&ref=sr_gallery-3-13&organic_search_click=1&col=1,$,89.25,,0
https://www.etsy.com/listing/766129092/beautiful-bespoke-hand-crocheted-moses?ga_order=most_relevant&ga_search_type=all&ga_view_type=gallery&ga_search_query=crochet+basket+nursery&ref=sr_gallery-3-14&organic_search_click=1&cns=1,$,117.61,,0
https://www.etsy.com/listing/527664029/large-crochet-basket-grey-large-toys?ga_order=most_relevant&ga_search_type=all&ga_view_type=gallery&ga_search_query=crochet+basket+nursery&ref=sr_gallery-3-15&organic_search_click=1&cns=1,$,139.00,,0
https://www.etsy.com/listing/771792473/crochet-toy-storage-basket-for-boys-16?ga_order=most_relevant&ga_search_type=all&ga_view_type=gallery&ga_search_query=crochet+basket+nursery&ref=sr_gallery-3-16&organic_search_click=1,$,119.99,,0
https://www.etsy.com/listing/701801639/baby-elephant-mobile-crib?ga_order=most_relevant&ga_search_type=all&ga_view_type=gallery&ga_search_query=crochet+basket+nursery&ref=sr_gallery-3-17&organic_search_click=1&frs=1,$,99.99,,0
https://www.etsy.com/listing/586572379/storing-basket-nursery-basket-crochet?ga_order=most_relevant&ga_search_type=all&ga_view_type=gallery&ga_search_query=crochet+basket+nursery&ref=sr_gallery-3-18&organic_search_click=1&frs=1,$,95.00,,0
https://www.etsy.com/listing/834025155/african-storage-basket-woven-storage?ga_order=most_relevant&ga_search_type=all&ga_view_type=gallery&ga_search_query=crochet+basket+nursery&ref=sr_gallery-3-19&organic_search_click=1&frs=1,$,149.99,,0
https://www.etsy.com/listing/774757775/basket-accent-basket-crochet-basket?ga_order=most_relevant&ga_search_type=all&ga_view_type=gallery&ga_search_query=crochet+basket+nursery&ref=sr_gallery-3-20&organic_search_click=1,$,79.67,,0
https://www.etsy.com/listing/643978256/crochet-basket-knitted-basket-storage?ga_order=most_relevant&ga_search_type=all&ga_view_type=gallery&ga_search_query=crochet+basket+nursery&ref=sr_gallery-3-21&organic_search_click=1&frs=1,$,99.50,,0
https://www.etsy.com/listing/801179734/crochet-nursery-baskets-set-bear-basket?ga_order=most_relevant&ga_search_type=all&ga_view_type=gallery&ga_search_query=crochet+basket+nursery&ref=sr_gallery-3-22&organic_search_click=1&frs=1,$,85.00,,0
https://www.etsy.com/listing/831287868/small-woven-storage-basket-cute-tassel?ga_order=most_relevant&ga_search_type=all&ga_view_type=gallery&ga_search_query=crochet+basket+nursery&ref=sr_gallery-3-23&organic_search_click=1&pro=1,$,101.99,,0
https://www.etsy.com/listing/629286501/made-to-order-custom-native-american?ga_order=most_relevant&ga_search_type=all&ga_view_type=gallery&ga_search_query=crochet+basket+nursery&ref=sr_gallery-3-24&organic_search_click=1&frs=1,$,85.00,,0
https://www.etsy.com/listing/602085003/grey-crochet-basket-nursery-basket?ga_order=most_relevant&ga_search_type=all&ga_view_type=gallery&ga_search_query=crochet+basket+nursery&ref=sr_gallery-3-25&organic_search_click=1&frs=1,$,135.00,,0
https://www.etsy.com/listing/713865915/crochet-nesting-baskets-crochet-basket?ga_order=most_relevant&ga_search_type=all&ga_view_type=gallery&ga_search_query=crochet+basket+nursery&ref=sr_gallery-3-26&organic_search_click=1&frs=1,$,125.00,,0
https://www.etsy.com/listing/787315091/crochet-rectangular-basket-with-handle?ga_order=most_relevant&ga_search_type=all&ga_view_type=gallery&ga_search_query=crochet+basket+nursery&ref=sr_gallery-3-27&organic_search_click=1&frs=1,$,82.00,,0
https://www.etsy.com/listing/508249216/crochet-large-basket-grey-large-toys?ga_order=most_relevant&ga_search_type=all&ga_view_type=gallery&ga_search_query=crochet+basket+nursery&ref=sr_gallery-3-28&organic_search_click=1&frs=1&cns=1,$,139.00,,0
https://www.etsy.com/listing/561850097/big-crochet-basket-small-storage?ga_order=most_relevant&ga_search_type=all&ga_view_type=gallery&ga_search_query=crochet+basket+nursery&ref=sr_gallery-3-29&organic_search_click=1,$,125.00,,0
https://www.etsy.com/listing/266493532/blue-crochet-storage-basket-crocheted?ga_order=most_relevant&ga_search_type=all&ga_view_type=gallery&ga_search_query=crochet+basket+nursery&ref=sr_gallery-3-30&organic_search_click=1,$,77.00,,0
https://www.etsy.com/listing/547507868/pink-crochet-basket-set-crochet-basket?ga_order=most_relevant&ga_search_type=all&ga_view_type=gallery&ga_search_query=crochet+basket+nursery&ref=sr_gallery-3-31&organic_search_click=1,$,89.25,,0
https://www.etsy.com/listing/722763298/crochet-large-picnic-baskettoy-large?ga_order=most_relevant&ga_search_type=all&ga_view_type=gallery&ga_search_query=crochet+basket+nursery&ref=sr_gallery-3-32&organic_search_click=1&frs=1,$,97.00,,0
https://www.etsy.com/listing/730559263/toy-storage-bin-bathroom-basket-easy?ga_order=most_relevant&ga_search_type=all&ga_view_type=gallery&ga_search_query=crochet+basket+nursery&ref=sr_gallery-3-33&organic_search_click=1&pro=1&col=1,$,98.40,,0
https://www.etsy.com/listing/689192517/basket-fabric-basket-divided-basket?ga_order=most_relevant&ga_search_type=all&ga_view_type=gallery&ga_search_query=crochet+basket+nursery&ref=sr_gallery-3-34&organic_search_click=1&frs=1,$,79.00,,0
https://www.etsy.com/listing/764885680/cacao-with-aqua-bubbles-crochet-nursery?ga_order=most_relevant&ga_search_type=all&ga_view_type=gallery&ga_search_query=crochet+basket+nursery&ref=sr_gallery-3-35&organic_search_click=1&frs=1&col=1,$,100.00,,0
https://www.etsy.com/listing/616947723/crochet-craft-storage-basket-knitted?ga_order=most_relevant&ga_search_type=all&ga_view_type=gallery&ga_search_query=crochet+basket+nursery&ref=sr_gallery-3-36&organic_search_click=1&frs=1&col=1,$,76.00,,0
https://www.etsy.com/listing/767689684/set-stuffed-bunny-custom-initial-pillow?ga_order=most_relevant&ga_search_type=all&ga_view_type=gallery&ga_search_query=crochet+basket+nursery&ref=sr_gallery-3-37&organic_search_click=1&frs=1,$,99.00,,0
https://www.etsy.com/listing/595344806/nursery-toy-baskt-boys-nursery-basket?ga_order=most_relevant&ga_search_type=all&ga_view_type=gallery&ga_search_query=crochet+basket+nursery&ref=sr_gallery-3-38&organic_search_click=1&pro=1,$,98.40,,0
https://www.etsy.com/listing/697964640/grey-crochet-storage-baskets-set-of-2?ga_order=most_relevant&ga_search_type=all&ga_view_type=gallery&ga_search_query=crochet+basket+nursery&ref=sr_gallery-3-39&organic_search_click=1&frs=1,$,86.00,,0
https://www.etsy.com/listing/772367729/toy-storage-basket-for-girls-pink-rose?ga_order=most_relevant&ga_search_type=all&ga_view_type=gallery&ga_search_query=crochet+basket+nursery&ref=sr_gallery-3-40&organic_search_click=1,$,119.99,,0
https://www.etsy.com/listing/733048617/owl-crochet-basket-bin-organizer-for?ga_order=most_relevant&ga_search_type=all&ga_view_type=gallery&ga_search_query=crochet+basket+nursery&ref=sr_gallery-3-41&organic_search_click=1&pro=1&frs=1,$,104.40,,0
https://www.etsy.com/listing/760888224/basket-accent-basket-crochet-basket?ga_order=most_relevant&ga_search_type=all&ga_view_type=gallery&ga_search_query=crochet+basket+nursery&ref=sr_gallery-3-42&organic_search_click=1,$,79.67,,0
https://www.etsy.com/listing/495020556/large-storage-baskets-30cm-x-25cm?ga_order=most_relevant&ga_search_type=all&ga_view_type=gallery&ga_search_query=crochet+basket+nursery&ref=sr_gallery-3-43&organic_search_click=1&pro=1&col=1,$,90.98,,0
https://www.etsy.com/listing/812199607/white-with-yellow-bubbles-crochet?ga_order=most_relevant&ga_search_type=all&ga_view_type=gallery&ga_search_query=crochet+basket+nursery&ref=sr_gallery-3-44&organic_search_click=1&frs=1&col=1,$,100.00,,0
https://www.etsy.com/listing/765285818/xlarge-pink-basket?ga_order=most_relevant&ga_search_type=all&ga_view_type=gallery&ga_search_query=crochet+basket+nursery&ref=sr_gallery-3-45&organic_search_click=1,$,75.00,,0
https://www.etsy.com/listing/683278271/large-toy-storage-basket-violet-round?ga_order=most_relevant&ga_search_type=all&ga_view_type=gallery&ga_search_query=crochet+basket+nursery&ref=sr_gallery-3-46&organic_search_click=1&col=1,$,84.00,,0
https://www.etsy.com/listing/733797938/mother-baby-wolf-plush-stuffed-animals?ga_order=most_relevant&ga_search_type=all&ga_view_type=gallery&ga_search_query=crochet+basket+nursery&ref=sr_gallery-3-47&organic_search_click=1&frs=1&cns=1,$,140.00,,0
https://www.etsy.com/listing/586556603/storing-basket-nursery-basket-crochet?ga_order=most_relevant&ga_search_type=all&ga_view_type=gallery&ga_search_query=crochet+basket+nursery&ref=sr_gallery-3-48&organic_search_click=1&frs=1,$,85.00,,0
https://www.etsy.com/listing/760885328/basket-accent-basket-crochet-basket?ga_order=most_relevant&ga_search_type=all&ga_view_type=gallery&ga_search_query=crochet+basket+nursery&ref=sr_gallery-3-49&organic_search_click=1,$,79.67,,0
https://www.etsy.com/listing/287813285/crochet-baby-blanket-girl-baby-shower?ga_order=most_relevant&ga_search_type=all&ga_view_type=gallery&ga_search_query=crochet+basket+nursery&ref=sr_gallery-3-50&organic_search_click=1&frs=1,$,75.00,,0
https://www.etsy.com/listing/853051887/5-pcs-set-kids-room-decor-storage?ga_order=most_relevant&ga_search_type=all&ga_view_type=gallery&ga_search_query=crochet+basket+nursery&ref=sr_gallery-3-51&organic_search_click=1&pro=1&frs=1,$,84.15,,0
https://www.etsy.com/listing/815505040/new-baby-basket-baby-shower-gift-welcome?ga_order=most_relevant&ga_search_type=all&ga_view_type=gallery&ga_search_query=crochet+basket+nursery&ref=sr_gallery-3-52&organic_search_click=1&frs=1,$,125.00,,0
https://www.etsy.com/listing/714410716/its-a-boy-baby-reveal-party-gift-llama?ga_order=most_relevant&ga_search_type=all&ga_view_type=gallery&ga_search_query=crochet+basket+nursery&ref=sr_gallery-3-53&organic_search_click=1&frs=1,$,88.00,,0
https://www.etsy.com/listing/716705584/woven-wall-basket-rope-basket-bowl?ga_order=most_relevant&ga_search_type=all&ga_view_type=gallery&ga_search_query=crochet+basket+nursery&ref=sr_gallery-3-54&organic_search_click=1&pro=1,$,98.40,,0
https://www.etsy.com/listing/592209805/cute-owl-storing-basket-with-cover?ga_order=most_relevant&ga_search_type=all&ga_view_type=gallery&ga_search_query=crochet+basket+nursery&ref=sr_gallery-3-55&organic_search_click=1&frs=1&col=1,$,83.00,,0
https://www.etsy.com/listing/774883388/toy-storage-basket-not-little-baby?ga_order=most_relevant&ga_search_type=all&ga_view_type=gallery&ga_search_query=crochet+basket+nursery&ref=sr_gallery-3-56&organic_search_click=1&cns=1&col=1,$,124.00,,0
https://www.etsy.com/listing/861034781/mom-to-be-gift-yellow-gender-neutral?ga_order=most_relevant&ga_search_type=all&ga_view_type=gallery&ga_search_query=crochet+basket+nursery&ref=sr_gallery-3-57&organic_search_click=1&frs=1&col=1,$,88.00,,0
https://www.etsy.com/listing/831170465/cotton-cosmetic-basket-diy-accesories?ga_order=most_relevant&ga_search_type=all&ga_view_type=gallery&ga_search_query=crochet+basket+nursery&ref=sr_gallery-3-58&organic_search_click=1&frs=1,$,79.00,,0
https://www.etsy.com/listing/502508351/pink-and-white-crochet-blanket-baby-girl?ga_order=most_relevant&ga_search_type=all&ga_view_type=gallery&ga_search_query=crochet+basket+nursery&ref=sr_gallery-3-59&organic_search_click=1&frs=1&cns=1,$,111.00,,0
https://www.etsy.com/listing/850150026/mom-to-be-gift-yellow-gender-neutral?ga_order=most_relevant&ga_search_type=all&ga_view_type=gallery&ga_search_query=crochet+basket+nursery&ref=sr_gallery-3-60&organic_search_click=1&frs=1&col=1,$,88.00,,0
https://www.etsy.com/listing/850150026/mom-to-be-gift-yellow-gender-neutral?ga_order=most_relevant&ga_search_type=all&ga_view_type=gallery&ga_search_query=crochet+basket+nursery&ref=sr_gallery-3-60&organic_search_click=1&frs=1&col=1,$,88.00,,0
https://www.etsy.com/listing/850150026/mom-to-be-gift-yellow-gender-neutral?ga_order=most_relevant&ga_search_type=all&ga_view_type=gallery&ga_search_query=crochet+basket+nursery&ref=sr_gallery-3-60&organic_search_click=1&frs=1&col=1,$,88.00,,0
https://www.etsy.com/listing/850150026/mom-to-be-gift-yellow-gender-neutral?ga_order=most_relevant&ga_search_type=all&ga_view_type=gallery&ga_search_query=crochet+basket+nursery&ref=sr_gallery-3-60&organic_search_click=1&frs=1&col=1,$,88.00,,0
https://www.etsy.com/listing/850150026/mom-to-be-gift-yellow-gender-neutral?ga_order=most_relevant&ga_search_type=all&ga_view_type=gallery&ga_search_query=crochet+basket+nursery&ref=sr_gallery-3-60&organic_search_click=1&frs=1&col=1,$,88.00,,0
https://www.etsy.com/listing/850150026/mom-to-be-gift-yellow-gender-neutral?ga_order=most_relevant&ga_search_type=all&ga_view_type=gallery&ga_search_query=crochet+basket+nursery&ref=sr_gallery-3-60&organic_search_click=1&frs=1&col=1,$,88.00,,0
https://www.etsy.com/listing/850150026/mom-to-be-gift-yellow-gender-neutral?ga_order=most_relevant&ga_search_type=all&ga_view_type=gallery&ga_search_query=crochet+basket+nursery&ref=sr_gallery-3-60&organic_search_click=1&frs=1&col=1,$,88.00,,0
https://www.etsy.com/listing/850150026/mom-to-be-gift-yellow-gender-neutral?ga_order=most_relevant&ga_search_type=all&ga_view_type=gallery&ga_search_query=crochet+basket+nursery&ref=sr_gallery-3-60&organic_search_click=1&frs=1&col=1,$,88.00,,0
https://www.etsy.com/listing/850150026/mom-to-be-gift-yellow-gender-neutral?ga_order=most_relevant&ga_search_type=all&ga_view_type=gallery&ga_search_query=crochet+basket+nursery&ref=sr_gallery-3-60&organic_search_click=1&frs=1&col=1,$,88.00,,0
https://www.etsy.com/listing/850150026/mom-to-be-gift-yellow-gender-neutral?ga_order=most_relevant&ga_search_type=all&ga_view_type=gallery&ga_search_query=crochet+basket+nursery&ref=sr_gallery-3-60&organic_search_click=1&frs=1&col=1,$,88.00,,0
https://www.etsy.com/listing/850150026/mom-to-be-gift-yellow-gender-neutral?ga_order=most_relevant&ga_search_type=all&ga_view_type=gallery&ga_search_query=crochet+basket+nursery&ref=sr_gallery-3-60&organic_search_click=1&frs=1&col=1,$,88.00,,0
https://www.etsy.com/listing/850150026/mom-to-be-gift-yellow-gender-neutral?ga_order=most_relevant&ga_search_type=all&ga_view_type=gallery&ga_search_query=crochet+basket+nursery&ref=sr_gallery-3-60&organic_search_click=1&frs=1&col=1,$,88.00,,0
https://www.etsy.com/listing/850150026/mom-to-be-gift-yellow-gender-neutral?ga_order=most_relevant&ga_search_type=all&ga_view_type=gallery&ga_search_query=crochet+basket+nursery&ref=sr_gallery-3-60&organic_search_click=1&frs=1&col=1,$,88.00,,0
https://www.etsy.com/listing/850150026/mom-to-be-gift-yellow-gender-neutral?ga_order=most_relevant&ga_search_type=all&ga_view_type=gallery&ga_search_query=crochet+basket+nursery&ref=sr_gallery-3-60&organic_search_click=1&frs=1&col=1,$,88.00,,0
https://www.etsy.com/listing/850150026/mom-to-be-gift-yellow-gender-neutral?ga_order=most_relevant&ga_search_type=all&ga_view_type=gallery&ga_search_query=crochet+basket+nursery&ref=sr_gallery-3-60&organic_search_click=1&frs=1&col=1,$,88.00,,0
https://www.etsy.com/listing/850150026/mom-to-be-gift-yellow-gender-neutral?ga_order=most_relevant&ga_search_type=all&ga_view_type=gallery&ga_search_query=crochet+basket+nursery&ref=sr_gallery-3-60&organic_search_click=1&frs=1&col=1,$,88.00,,0
https://www.etsy.com/listing/594369812/pregnancy-gift-set-cute-crochet-llama?ga_order=most_relevant&ga_search_type=all&ga_view_type=gallery&ga_search_query=crochet+basket+nursery&ref=sr_gallery-4-1&organic_search_click=1&frs=1,$,84.00,,0
https://www.etsy.com/listing/705672506/crocheted-hearts-storage-storage-bin?ga_order=most_relevant&ga_search_type=all&ga_view_type=gallery&ga_search_query=crochet+basket+nursery&ref=sr_gallery-4-2&organic_search_click=1&frs=1&col=1,$,79.00,,0
https://www.etsy.com/listing/735134196/crocheted-large-basket-using-chunky-yarn?ga_order=most_relevant&ga_search_type=all&ga_view_type=gallery&ga_search_query=crochet+basket+nursery&ref=sr_gallery-4-3&organic_search_click=1&frs=1&col=1,$,145.00,,0
https://www.etsy.com/listing/854051117/soft-storage-basket-plant-jute-large?ga_order=most_relevant&ga_search_type=all&ga_view_type=gallery&ga_search_query=crochet+basket+nursery&ref=sr_gallery-4-4&organic_search_click=1,$,75.00,,0
https://www.etsy.com/listing/859716357/woven-tapestry-dried-flower-basket?ga_order=most_relevant&ga_search_type=all&ga_view_type=gallery&ga_search_query=crochet+basket+nursery&ref=sr_gallery-4-5&organic_search_click=1&pro=1,$,90.09,,0
https://www.etsy.com/listing/620019876/baby-girl-shower-gift-box-with-cute?ga_order=most_relevant&ga_search_type=all&ga_view_type=gallery&ga_search_query=crochet+basket+nursery&ref=sr_gallery-4-6&organic_search_click=1&frs=1,$,88.00,,0
https://www.etsy.com/listing/715701865/baby-moses-basket-0-6months?ga_order=most_relevant&ga_search_type=all&ga_view_type=gallery&ga_search_query=crochet+basket+nursery&ref=sr_gallery-4-7&organic_search_click=1&frs=1,$,150.00,,0
https://www.etsy.com/listing/628021782/two-baby-baskets-crochet-baby-baskets?ga_order=most_relevant&ga_search_type=all&ga_view_type=gallery&ga_search_query=crochet+basket+nursery&ref=sr_gallery-4-8&organic_search_click=1&frs=1&cns=1,$,136.00,,0
https://www.etsy.com/listing/808610121/babys-moses-basket-beautifully-designed?ga_order=most_relevant&ga_search_type=all&ga_view_type=gallery&ga_search_query=crochet+basket+nursery&ref=sr_gallery-4-9&organic_search_click=1,$,117.61,,0
https://www.etsy.com/listing/767129757/crocheted-basket-for-joao?ga_order=most_relevant&ga_search_type=all&ga_view_type=gallery&ga_search_query=crochet+basket+nursery&ref=sr_gallery-4-10&organic_search_click=1&frs=1,$,98.61,,0
https://www.etsy.com/listing/849641114/welcome-baby-girl-basket?ga_order=most_relevant&ga_search_type=all&ga_view_type=gallery&ga_search_query=crochet+basket+nursery&ref=sr_gallery-4-11&organic_search_click=1&frs=1&col=1,$,88.00,,0
https://www.etsy.com/listing/789108417/big-crochet-sea-shell-basket-bowl-vase?ga_order=most_relevant&ga_search_type=all&ga_view_type=gallery&ga_search_query=crochet+basket+nursery&ref=sr_gallery-4-12&organic_search_click=1,$,82.58,,0
https://www.etsy.com/listing/805033902/baby-room-baskets-knitted-basket-set-for?ga_order=most_relevant&ga_search_type=all&ga_view_type=gallery&ga_search_query=crochet+basket+nursery&ref=sr_gallery-4-13&organic_search_click=1&frs=1,$,117.10,,0
https://www.etsy.com/listing/635808845/set-of-crocheted-storage-basket-bunting?ga_order=most_relevant&ga_search_type=all&ga_view_type=gallery&ga_search_query=crochet+basket+nursery&ref=sr_gallery-4-14&organic_search_click=1,$,81.23,,0
https://www.etsy.com/listing/669648182/girl-baby-shower-rustic-fall-decor-birth?ga_order=most_relevant&ga_search_type=all&ga_view_type=gallery&ga_search_query=crochet+basket+nursery&ref=sr_gallery-4-15&organic_search_click=1&frs=1,$,88.00,,0
https://www.etsy.com/listing/666664754/organic-natural-eco-baby-newborn-kids?ga_order=most_relevant&ga_search_type=all&ga_view_type=gallery&ga_search_query=crochet+basket+nursery&ref=sr_gallery-4-16&organic_search_click=1&pro=1&frs=1,$,110.50,,0
https://www.etsy.com/listing/842131138/pregnancy-gift-cute-baby-basket-with?ga_order=most_relevant&ga_search_type=all&ga_view_type=gallery&ga_search_query=crochet+basket+nursery&ref=sr_gallery-4-17&organic_search_click=1&frs=1&col=1,$,88.00,,0
https://www.etsy.com/listing/669958943/new-mommy-gift-set-best-pregnancy?ga_order=most_relevant&ga_search_type=all&ga_view_type=gallery&ga_search_query=crochet+basket+nursery&ref=sr_gallery-4-18&organic_search_click=1&frs=1,$,88.00,,0
https://www.etsy.com/listing/762587384/toy-storage-basket-sweet-baby-essentials?ga_order=most_relevant&ga_search_type=all&ga_view_type=gallery&ga_search_query=crochet+basket+nursery&ref=sr_gallery-4-19&organic_search_click=1&cns=1&col=1,$,98.48,,0
https://www.etsy.com/listing/864661253/welcome-baby-good-luck-pregnancy?ga_order=most_relevant&ga_search_type=all&ga_view_type=gallery&ga_search_query=crochet+basket+nursery&ref=sr_gallery-4-20&organic_search_click=1&frs=1&col=1,$,88.00,,0
https://www.etsy.com/listing/572769160/storing-basket-nursery-basket-crochet?ga_order=most_relevant&ga_search_type=all&ga_view_type=gallery&ga_search_query=crochet+basket+nursery&ref=sr_gallery-4-21&organic_search_click=1&frs=1,$,88.00,,0
https://www.etsy.com/listing/611154573/new-mum-gift-box-llama-baby-shower?ga_order=most_relevant&ga_search_type=all&ga_view_type=gallery&ga_search_query=crochet+basket+nursery&ref=sr_gallery-4-22&organic_search_click=1&frs=1,$,88.00,,0
https://www.etsy.com/listing/592205239/large-toy-storage-basket-with-owl?ga_order=most_relevant&ga_search_type=all&ga_view_type=gallery&ga_search_query=crochet+basket+nursery&ref=sr_gallery-4-23&organic_search_click=1&frs=1&col=1,$,75.00,,0
https://www.etsy.com/listing/761200666/girl-woodland-decor-set-pink-moose-head?ga_order=most_relevant&ga_search_type=all&ga_view_type=gallery&ga_search_query=crochet+basket+nursery&ref=sr_gallery-4-24&organic_search_click=1,$,145.00,,0
https://www.etsy.com/listing/724838958/crocheted-curtain-used-vintage-window?ga_order=most_relevant&ga_search_type=all&ga_view_type=gallery&ga_search_query=crochet+basket+nursery&ref=sr_gallery-4-25&organic_search_click=1&frs=1,$,105.00,,0
https://www.etsy.com/listing/636018203/mustard-seed-weaving?ga_order=most_relevant&ga_search_type=all&ga_view_type=gallery&ga_search_query=crochet+basket+nursery&ref=sr_gallery-4-26&organic_search_click=1,$,100.00,,0
https://www.etsy.com/listing/628252320/wool-baby-basket-crochet-baby-shower?ga_order=most_relevant&ga_search_type=all&ga_view_type=gallery&ga_search_query=crochet+basket+nursery&ref=sr_gallery-4-27&organic_search_click=1&frs=1,$,76.00,,0
https://www.etsy.com/listing/664705375/crochet-storage-basket-greywhite-o-60-cm?ga_order=most_relevant&ga_search_type=all&ga_view_type=gallery&ga_search_query=crochet+basket+nursery&ref=sr_gallery-4-28&organic_search_click=1,$,80.12,,0
https://www.etsy.com/listing/513131302/handmade-crochet-round-rug90cm35-and?ga_order=most_relevant&ga_search_type=all&ga_view_type=gallery&ga_search_query=crochet+basket+nursery&ref=sr_gallery-4-29&organic_search_click=1&cns=1,$,123.15,,0
https://www.etsy.com/listing/786101765/toy-storage-basket-hide-things-baby?ga_order=most_relevant&ga_search_type=all&ga_view_type=gallery&ga_search_query=crochet+basket+nursery&ref=sr_gallery-4-30&organic_search_click=1&cns=1&col=1,$,110.81,,0
https://www.etsy.com/listing/839687968/crochet-baby-bootie-animal-farm-llama?ga_order=most_relevant&ga_search_type=all&ga_view_type=gallery&ga_search_query=crochet+basket+nursery&ref=sr_gallery-4-31&organic_search_click=1&frs=1&col=1,$,88.00,,0
https://www.etsy.com/listing/693961324/new-baby-boy-gift-unique-shower-present?ga_order=most_relevant&ga_search_type=all&ga_view_type=gallery&ga_search_query=crochet+basket+nursery&ref=sr_gallery-4-32&organic_search_click=1&frs=1,$,88.00,,0
https://www.etsy.com/listing/661726729/baby-announcement-twins-llama-crochet?ga_order=most_relevant&ga_search_type=all&ga_view_type=gallery&ga_search_query=crochet+basket+nursery&ref=sr_gallery-4-33&organic_search_click=1&frs=1,$,91.00,,0
https://www.etsy.com/listing/841765747/newborn-photo-props-crochet-llama?ga_order=most_relevant&ga_search_type=all&ga_view_type=gallery&ga_search_query=crochet+basket+nursery&ref=sr_gallery-4-34&organic_search_click=1&frs=1,$,88.00,,0
https://www.etsy.com/listing/784590874/congrats-pregnancy-basket?ga_order=most_relevant&ga_search_type=all&ga_view_type=gallery&ga_search_query=crochet+basket+nursery&ref=sr_gallery-4-35&organic_search_click=1&frs=1,$,88.00,,0
https://www.etsy.com/listing/687937112/pregnancy-friend-congratulations-gift?ga_order=most_relevant&ga_search_type=all&ga_view_type=gallery&ga_search_query=crochet+basket+nursery&ref=sr_gallery-4-36&organic_search_click=1&frs=1&cns=1,$,88.00,,0
https://www.etsy.com/listing/839880093/royal-set-for-newborn-baby-moses-basket?ga_order=most_relevant&ga_search_type=all&ga_view_type=gallery&ga_search_query=crochet+basket+nursery&ref=sr_gallery-4-37&organic_search_click=1&frs=1&col=1,$,150.00,,0
https://www.etsy.com/listing/725531971/expecting-mum-gift-pregnancy-reveal?ga_order=most_relevant&ga_search_type=all&ga_view_type=gallery&ga_search_query=crochet+basket+nursery&ref=sr_gallery-4-38&organic_search_click=1&frs=1,$,88.00,,0
https://www.etsy.com/listing/827751847/pregnancy-friend-gift-distance-new-baby?ga_order=most_relevant&ga_search_type=all&ga_view_type=gallery&ga_search_query=crochet+basket+nursery&ref=sr_gallery-4-39&organic_search_click=1&frs=1,$,94.00,,0
https://www.etsy.com/listing/641384161/crochet-baby-basket-baby-room-basket?ga_order=most_relevant&ga_search_type=all&ga_view_type=gallery&ga_search_query=crochet+basket+nursery&ref=sr_gallery-4-40&organic_search_click=1&frs=1,$,86.00,,0
https://www.etsy.com/listing/848216729/lion-safari-shower-gift-box-for-newborn?ga_order=most_relevant&ga_search_type=all&ga_view_type=gallery&ga_search_query=crochet+basket+nursery&ref=sr_gallery-4-41&organic_search_click=1&pro=1&frs=1,$,102.00,,0
https://www.etsy.com/listing/848121956/baptism-congrats-gender-reveal-party?ga_order=most_relevant&ga_search_type=all&ga_view_type=gallery&ga_search_query=crochet+basket+nursery&ref=sr_gallery-4-42&organic_search_click=1&frs=1&col=1,$,88.00,,0
https://www.etsy.com/listing/827750677/baby-girl-reveal-gift-idea-baby-shower?ga_order=most_relevant&ga_search_type=all&ga_view_type=gallery&ga_search_query=crochet+basket+nursery&ref=sr_gallery-4-43&organic_search_click=1&frs=1,$,94.00,,0
https://www.etsy.com/listing/525769136/storage-baskets-crochet-storage-basket?ga_order=most_relevant&ga_search_type=all&ga_view_type=gallery&ga_search_query=crochet+basket+nursery&ref=sr_gallery-4-44&organic_search_click=1&frs=1,$,108.00,,0
https://www.etsy.com/listing/826381694/new-baby-gift-box-pregnancy?ga_order=most_relevant&ga_search_type=all&ga_view_type=gallery&ga_search_query=crochet+basket+nursery&ref=sr_gallery-4-45&organic_search_click=1&frs=1,$,88.00,,0
https://www.etsy.com/listing/811663601/new-parents-gift-basket?ga_order=most_relevant&ga_search_type=all&ga_view_type=gallery&ga_search_query=crochet+basket+nursery&ref=sr_gallery-4-46&organic_search_click=1&frs=1,$,88.00,,0
https://www.etsy.com/listing/707117563/new-mommy-best-pregnancy-gift-set-with?ga_order=most_relevant&ga_search_type=all&ga_view_type=gallery&ga_search_query=crochet+basket+nursery&ref=sr_gallery-4-47&organic_search_click=1&frs=1,$,88.00,,0
https://www.etsy.com/listing/834641844/expecting-gift-mom-pregnancy-baby-basket?ga_order=most_relevant&ga_search_type=all&ga_view_type=gallery&ga_search_query=crochet+basket+nursery&ref=sr_gallery-4-48&organic_search_click=1&frs=1,$,88.00,,0
https://www.etsy.com/listing/857829287/pregnancy-gift-box-with-cute-crochet?ga_order=most_relevant&ga_search_type=all&ga_view_type=gallery&ga_search_query=crochet+basket+nursery&ref=sr_gallery-4-49&organic_search_click=1&frs=1&col=1,$,88.00,,0
https://www.etsy.com/listing/693546973/pregnancy-gift-basket-new-mom-llama-box?ga_order=most_relevant&ga_search_type=all&ga_view_type=gallery&ga_search_query=crochet+basket+nursery&ref=sr_gallery-4-50&organic_search_click=1&frs=1&col=1,$,88.00,,0
https://www.etsy.com/listing/756393971/memory-bear-stuffed-teddy-bear-baby-gift?ga_order=most_relevant&ga_search_type=all&ga_view_type=gallery&ga_search_query=crochet+basket+nursery&ref=sr_gallery-4-51&organic_search_click=1&pro=1&frs=1,$,84.80,,0
https://www.etsy.com/listing/828269192/twins-boy-girl-baby-gift-pregnancy-twins?ga_order=most_relevant&ga_search_type=all&ga_view_type=gallery&ga_search_query=crochet+basket+nursery&ref=sr_gallery-4-52&organic_search_click=1&frs=1,$,91.00,,0
https://www.etsy.com/listing/633137154/new-mommy-gift-set-its-a-boy-best?ga_order=most_relevant&ga_search_type=all&ga_view_type=gallery&ga_search_query=crochet+basket+nursery&ref=sr_gallery-4-53&organic_search_click=1&frs=1,$,88.00,,0
https://www.etsy.com/listing/726765932/vintage-crocheted-curtain-used-window?ga_order=most_relevant&ga_search_type=all&ga_view_type=gallery&ga_search_query=crochet+basket+nursery&ref=sr_gallery-4-54&organic_search_click=1&frs=1,$,148.00,,0
https://www.etsy.com/listing/699031661/baby-girl-announcement-pregnancy-reveal?ga_order=most_relevant&ga_search_type=all&ga_view_type=gallery&ga_search_query=crochet+basket+nursery&ref=sr_gallery-4-55&organic_search_click=1&frs=1,$,88.00,,0
https://www.etsy.com/listing/795131144/crochet-bunny-toy-rabbit-interior-toy?ga_order=most_relevant&ga_search_type=all&ga_view_type=gallery&ga_search_query=crochet+basket+nursery&ref=sr_gallery-4-56&organic_search_click=1,$,89.00,,0
https://www.etsy.com/listing/741884100/baby-girl-announcement-pregnancy-reveal?ga_order=most_relevant&ga_search_type=all&ga_view_type=gallery&ga_search_query=crochet+basket+nursery&ref=sr_gallery-4-57&organic_search_click=1&frs=1,$,88.00,,0
https://www.etsy.com/listing/751053629/crochet-rug-floor-mat-knitted-bath-mat?ga_order=most_relevant&ga_search_type=all&ga_view_type=gallery&ga_search_query=crochet+basket+nursery&ref=sr_gallery-4-58&organic_search_click=1&frs=1,$,139.00,,0
https://www.etsy.com/listing/827746335/gift-for-mom-to-be-pregnancy-expecting?ga_order=most_relevant&ga_search_type=all&ga_view_type=gallery&ga_search_query=crochet+basket+nursery&ref=sr_gallery-4-59&organic_search_click=1&frs=1,$,94.00,,0
https://www.etsy.com/listing/630346460/unique-rainbow-geometric-woven-wall?ga_order=most_relevant&ga_search_type=all&ga_view_type=gallery&ga_search_query=crochet+basket+nursery&ref=sr_gallery-4-60&organic_search_click=1&frs=1,$,85.00,,0
https://www.etsy.com/listing/630346460/unique-rainbow-geometric-woven-wall?ga_order=most_relevant&ga_search_type=all&ga_view_type=gallery&ga_search_query=crochet+basket+nursery&ref=sr_gallery-4-60&organic_search_click=1&frs=1,$,85.00,,0
https://www.etsy.com/listing/630346460/unique-rainbow-geometric-woven-wall?ga_order=most_relevant&ga_search_type=all&ga_view_type=gallery&ga_search_query=crochet+basket+nursery&ref=sr_gallery-4-60&organic_search_click=1&frs=1,$,85.00,,0
https://www.etsy.com/listing/630346460/unique-rainbow-geometric-woven-wall?ga_order=most_relevant&ga_search_type=all&ga_view_type=gallery&ga_search_query=crochet+basket+nursery&ref=sr_gallery-4-60&organic_search_click=1&frs=1,$,85.00,,0
https://www.etsy.com/listing/630346460/unique-rainbow-geometric-woven-wall?ga_order=most_relevant&ga_search_type=all&ga_view_type=gallery&ga_search_query=crochet+basket+nursery&ref=sr_gallery-4-60&organic_search_click=1&frs=1,$,85.00,,0
https://www.etsy.com/listing/630346460/unique-rainbow-geometric-woven-wall?ga_order=most_relevant&ga_search_type=all&ga_view_type=gallery&ga_search_query=crochet+basket+nursery&ref=sr_gallery-4-60&organic_search_click=1&frs=1,$,85.00,,0
https://www.etsy.com/listing/630346460/unique-rainbow-geometric-woven-wall?ga_order=most_relevant&ga_search_type=all&ga_view_type=gallery&ga_search_query=crochet+basket+nursery&ref=sr_gallery-4-60&organic_search_click=1&frs=1,$,85.00,,0
https://www.etsy.com/listing/630346460/unique-rainbow-geometric-woven-wall?ga_order=most_relevant&ga_search_type=all&ga_view_type=gallery&ga_search_query=crochet+basket+nursery&ref=sr_gallery-4-60&organic_search_click=1&frs=1,$,85.00,,0
https://www.etsy.com/listing/630346460/unique-rainbow-geometric-woven-wall?ga_order=most_relevant&ga_search_type=all&ga_view_type=gallery&ga_search_query=crochet+basket+nursery&ref=sr_gallery-4-60&organic_search_click=1&frs=1,$,85.00,,0
https://www.etsy.com/listing/630346460/unique-rainbow-geometric-woven-wall?ga_order=most_relevant&ga_search_type=all&ga_view_type=gallery&ga_search_query=crochet+basket+nursery&ref=sr_gallery-4-60&organic_search_click=1&frs=1,$,85.00,,0
https://www.etsy.com/listing/630346460/unique-rainbow-geometric-woven-wall?ga_order=most_relevant&ga_search_type=all&ga_view_type=gallery&ga_search_query=crochet+basket+nursery&ref=sr_gallery-4-60&organic_search_click=1&frs=1,$,85.00,,0
https://www.etsy.com/listing/630346460/unique-rainbow-geometric-woven-wall?ga_order=most_relevant&ga_search_type=all&ga_view_type=gallery&ga_search_query=crochet+basket+nursery&ref=sr_gallery-4-60&organic_search_click=1&frs=1,$,85.00,,0
https://www.etsy.com/listing/630346460/unique-rainbow-geometric-woven-wall?ga_order=most_relevant&ga_search_type=all&ga_view_type=gallery&ga_search_query=crochet+basket+nursery&ref=sr_gallery-4-60&organic_search_click=1&frs=1,$,85.00,,0
https://www.etsy.com/listing/630346460/unique-rainbow-geometric-woven-wall?ga_order=most_relevant&ga_search_type=all&ga_view_type=gallery&ga_search_query=crochet+basket+nursery&ref=sr_gallery-4-60&organic_search_click=1&frs=1,$,85.00,,0
https://www.etsy.com/listing/630346460/unique-rainbow-geometric-woven-wall?ga_order=most_relevant&ga_search_type=all&ga_view_type=gallery&ga_search_query=crochet+basket+nursery&ref=sr_gallery-4-60&organic_search_click=1&frs=1,$,85.00,,0
https://www.etsy.com/listing/630346460/unique-rainbow-geometric-woven-wall?ga_order=most_relevant&ga_search_type=all&ga_view_type=gallery&ga_search_query=crochet+basket+nursery&ref=sr_gallery-4-60&organic_search_click=1&frs=1,$,85.00,,0
https://www.etsy.com/listing/630346460/unique-rainbow-geometric-woven-wall?ga_order=most_relevant&ga_search_type=all&ga_view_type=gallery&ga_search_query=crochet+basket+nursery&ref=sr_gallery-5-1&organic_search_click=1&frs=1,$,85.00,,0
https://www.etsy.com/listing/642492295/wool-baby-baskets-two-baby-baskets-baby?ga_order=most_relevant&ga_search_type=all&ga_view_type=gallery&ga_search_query=crochet+basket+nursery&ref=sr_gallery-5-2&organic_search_click=1&frs=1,$,114.00,,0
https://www.etsy.com/listing/827746335/gift-for-mom-to-be-pregnancy-expecting?ga_order=most_relevant&ga_search_type=all&ga_view_type=gallery&ga_search_query=crochet+basket+nursery&ref=sr_gallery-5-3&organic_search_click=1&frs=1,$,94.00,,0
https://www.etsy.com/listing/773160324/needle-felted-cute-easter-bunny-with?ga_order=most_relevant&ga_search_type=all&ga_view_type=gallery&ga_search_query=crochet+basket+nursery&ref=sr_gallery-5-4&organic_search_click=1&frs=1,$,80.00,,0
https://www.etsy.com/listing/596508616/gift-for-mom-to-be-with-new-pregnancy?ga_order=most_relevant&ga_search_type=all&ga_view_type=gallery&ga_search_query=crochet+basket+nursery&ref=sr_gallery-5-5&organic_search_click=1&frs=1,$,88.00,,0
https://www.etsy.com/listing/766501516/ruffles-galore-pram-blanket-winter-crib?ga_order=most_relevant&ga_search_type=all&ga_view_type=gallery&ga_search_query=crochet+basket+nursery&ref=sr_gallery-5-6&organic_search_click=1,$,99.33,,0
https://www.etsy.com/listing/633807798/pregnancy-its-a-boy-gender-reveal-baby?ga_order=most_relevant&ga_search_type=all&ga_view_type=gallery&ga_search_query=crochet+basket+nursery&ref=sr_gallery-5-7&organic_search_click=1&frs=1,$,88.00,,0
https://www.etsy.com/listing/615766810/basket-with-crocheted-garland-summer?ga_order=most_relevant&ga_search_type=all&ga_view_type=gallery&ga_search_query=crochet+basket+nursery&ref=sr_gallery-5-8&organic_search_click=1,$,110.93,,0
https://www.etsy.com/listing/660968937/pregnancy-gift-box-for-girl-cute-crochet?ga_order=most_relevant&ga_search_type=all&ga_view_type=gallery&ga_search_query=crochet+basket+nursery&ref=sr_gallery-5-9&organic_search_click=1&frs=1,$,88.00,,0
https://www.etsy.com/listing/657372249/newborn-boy-girl-gender-neutral?ga_order=most_relevant&ga_search_type=all&ga_view_type=gallery&ga_search_query=crochet+basket+nursery&ref=sr_gallery-5-10&organic_search_click=1&frs=1,$,88.00,,0
https://www.etsy.com/listing/857827811/new-mommy-pregnancy-gift-set-with-cute?ga_order=most_relevant&ga_search_type=all&ga_view_type=gallery&ga_search_query=crochet+basket+nursery&ref=sr_gallery-5-11&organic_search_click=1&frs=1&col=1,$,88.00,,0
https://www.etsy.com/listing/825743105/welcome-baby-coming-home-outfit-gift-for?ga_order=most_relevant&ga_search_type=all&ga_view_type=gallery&ga_search_query=crochet+basket+nursery&ref=sr_gallery-5-12&organic_search_click=1&frs=1,$,94.00,,0
https://www.etsy.com/listing/804304949/welcome-baby-boy-basket?ga_order=most_relevant&ga_search_type=all&ga_view_type=gallery&ga_search_query=crochet+basket+nursery&ref=sr_gallery-5-13&organic_search_click=1&frs=1&col=1,$,88.00,,0
https://www.etsy.com/listing/852934031/pregnancy-gift-baby-girl-expecting?ga_order=most_relevant&ga_search_type=all&ga_view_type=gallery&ga_search_query=crochet+basket+nursery&ref=sr_gallery-5-14&organic_search_click=1&frs=1&col=1,$,88.00,,0
https://www.etsy.com/listing/574890114/dream-catcher-glittered-antlers-with?ga_order=most_relevant&ga_search_type=all&ga_view_type=gallery&ga_search_query=crochet+basket+nursery&ref=sr_gallery-5-15&organic_search_click=1,$,110.00,,0
https://www.etsy.com/listing/664030564/pregnancy-gift-ideas-for-unique-mama-to?ga_order=most_relevant&ga_search_type=all&ga_view_type=gallery&ga_search_query=crochet+basket+nursery&ref=sr_gallery-5-16&organic_search_click=1&frs=1,$,88.00,,0
https://www.etsy.com/listing/696763338/baby-boy-gender-reveal-party-shower-gift?ga_order=most_relevant&ga_search_type=all&ga_view_type=gallery&ga_search_query=crochet+basket+nursery&ref=sr_gallery-5-17&organic_search_click=1&frs=1,$,88.00,,0
https://www.etsy.com/listing/797365948/pregnancy-gift-box-for-expecting-baby?ga_order=most_relevant&ga_search_type=all&ga_view_type=gallery&ga_search_query=crochet+basket+nursery&ref=sr_gallery-5-18&organic_search_click=1&frs=1,$,88.00,,0
https://www.etsy.com/listing/679245539/baby-shower-crochet-llama-toy-nursery?ga_order=most_relevant&ga_search_type=all&ga_view_type=gallery&ga_search_query=crochet+basket+nursery&ref=sr_gallery-5-19&organic_search_click=1&frs=1,$,88.00,,0
https://www.etsy.com/listing/630619564/organic-newborn-gift-pregnancy-reveal?ga_order=most_relevant&ga_search_type=all&ga_view_type=gallery&ga_search_query=crochet+basket+nursery&ref=sr_gallery-5-20&organic_search_click=1&frs=1,$,88.00,,0
https://www.etsy.com/listing/813847750/its-a-boy-baby-shower-reveal-gift-basket?ga_order=most_relevant&ga_search_type=all&ga_view_type=gallery&ga_search_query=crochet+basket+nursery&ref=sr_gallery-5-21&organic_search_click=1&frs=1,$,94.00,,0
https://www.etsy.com/listing/841772233/newborn-photo-props-crochet-llama-toy?ga_order=most_relevant&ga_search_type=all&ga_view_type=gallery&ga_search_query=crochet+basket+nursery&ref=sr_gallery-5-22&organic_search_click=1&frs=1,$,88.00,,0
https://www.etsy.com/listing/720144851/pregnancy-gift-set-for-mommy-to-be-best?ga_order=most_relevant&ga_search_type=all&ga_view_type=gallery&ga_search_query=crochet+basket+nursery&ref=sr_gallery-5-23&organic_search_click=1&frs=1,$,88.00,,0
https://www.etsy.com/listing/634221774/gift-for-mom-to-be-with-cute-pregnancy?ga_order=most_relevant&ga_search_type=all&ga_view_type=gallery&ga_search_query=crochet+basket+nursery&ref=sr_gallery-5-24&organic_search_click=1&frs=1,$,88.00,,0
https://www.etsy.com/listing/853105029/pregnancy-gift-set-present-basket-for?ga_order=most_relevant&ga_search_type=all&ga_view_type=gallery&ga_search_query=crochet+basket+nursery&ref=sr_gallery-5-25&organic_search_click=1&frs=1&col=1,$,88.00,,0
https://www.etsy.com/listing/834643665/christmas-deer-crochet-baby-gift-basket?ga_order=most_relevant&ga_search_type=all&ga_view_type=gallery&ga_search_query=crochet+basket+nursery&ref=sr_gallery-5-26&organic_search_click=1&frs=1,$,94.00,,0
https://www.etsy.com/listing/720405751/organic-newborn-gift-pregnancy-reveal?ga_order=most_relevant&ga_search_type=all&ga_view_type=gallery&ga_search_query=crochet+basket+nursery&ref=sr_gallery-5-27&organic_search_click=1&frs=1,$,88.00,,0
https://www.etsy.com/listing/855728243/welcome-baby-boy-gift-box-crochet-llama?ga_order=most_relevant&ga_search_type=all&ga_view_type=gallery&ga_search_query=crochet+basket+nursery&ref=sr_gallery-5-28&organic_search_click=1&frs=1&col=1,$,88.00,,0
https://www.etsy.com/listing/804305755/girl-baby-shower-birth-announcement-gift?ga_order=most_relevant&ga_search_type=all&ga_view_type=gallery&ga_search_query=crochet+basket+nursery&ref=sr_gallery-5-29&organic_search_click=1&frs=1&col=1,$,88.00,,0
https://www.etsy.com/listing/825398208/gift-box-for-mom-to-be-with-cute-crochet?ga_order=most_relevant&ga_search_type=all&ga_view_type=gallery&ga_search_query=crochet+basket+nursery&ref=sr_gallery-5-30&organic_search_click=1&frs=1,$,88.00,,0
https://www.etsy.com/listing/852537533/gift-box-for-mom-to-be-with-cute-crochet?ga_order=most_relevant&ga_search_type=all&ga_view_type=gallery&ga_search_query=crochet+basket+nursery&ref=sr_gallery-5-31&organic_search_click=1&frs=1,$,88.00,,0
https://www.etsy.com/listing/663687079/pregnancy-with-baby-girl-announcement?ga_order=most_relevant&ga_search_type=all&ga_view_type=gallery&ga_search_query=crochet+basket+nursery&ref=sr_gallery-5-32&organic_search_click=1&frs=1,$,88.00,,0
https://www.etsy.com/listing/838624852/pregnancy-reveal-gift-cute-pink-its-a?ga_order=most_relevant&ga_search_type=all&ga_view_type=gallery&ga_search_query=crochet+basket+nursery&ref=sr_gallery-5-33&organic_search_click=1&frs=1,$,88.00,,0
https://www.etsy.com/listing/720425064/modern-macrame-wall-hanging-and-floral?ga_order=most_relevant&ga_search_type=all&ga_view_type=gallery&ga_search_query=crochet+basket+nursery&ref=sr_gallery-5-34&organic_search_click=1&col=1,$,92.00,,0
https://www.etsy.com/listing/839280257/baby-shower-its-a-girl-gift-box-with?ga_order=most_relevant&ga_search_type=all&ga_view_type=gallery&ga_search_query=crochet+basket+nursery&ref=sr_gallery-5-35&organic_search_click=1&frs=1,$,88.00,,0
https://www.etsy.com/listing/638779724/pregnancy-gift-set-for-new-mom-with-cute?ga_order=most_relevant&ga_search_type=all&ga_view_type=gallery&ga_search_query=crochet+basket+nursery&ref=sr_gallery-5-36&organic_search_click=1&frs=1,$,88.00,,0
https://www.etsy.com/listing/681824730/new-mommy-gift-set-pregnancy-box?ga_order=most_relevant&ga_search_type=all&ga_view_type=gallery&ga_search_query=crochet+basket+nursery&ref=sr_gallery-5-37&organic_search_click=1&frs=1,$,88.00,,0
https://www.etsy.com/listing/706885129/best-pregnancy-gifts-with-cute-crochet?ga_order=most_relevant&ga_search_type=all&ga_view_type=gallery&ga_search_query=crochet+basket+nursery&ref=sr_gallery-5-38&organic_search_click=1&frs=1,$,88.00,,0
https://www.etsy.com/listing/664534960/unique-baby-girl-shower-cute-gift-for?ga_order=most_relevant&ga_search_type=all&ga_view_type=gallery&ga_search_query=crochet+basket+nursery&ref=sr_gallery-5-39&organic_search_click=1&frs=1,$,88.00,,0
https://www.etsy.com/listing/698282433/pregnancy-gift-box-for-expecting-baby?ga_order=most_relevant&ga_search_type=all&ga_view_type=gallery&ga_search_query=crochet+basket+nursery&ref=sr_gallery-5-40&organic_search_click=1&frs=1,$,88.00,,0
https://www.etsy.com/listing/695131825/baby-boy-welcome-gift-box-pregnancy?ga_order=most_relevant&ga_search_type=all&ga_view_type=gallery&ga_search_query=crochet+basket+nursery&ref=sr_gallery-5-41&organic_search_click=1&frs=1,$,88.00,,0
https://www.etsy.com/listing/745105200/nursery-decor-baby-moses-basket-crochet?ga_order=most_relevant&ga_search_type=all&ga_view_type=gallery&ga_search_query=crochet+basket+nursery&ref=sr_gallery-5-42&organic_search_click=1&frs=1,$,134.10,,0
https://www.etsy.com/listing/690396350/new-mommy-gift-set-pregnancy-present-box?ga_order=most_relevant&ga_search_type=all&ga_view_type=gallery&ga_search_query=crochet+basket+nursery&ref=sr_gallery-5-43&organic_search_click=1&frs=1,$,88.00,,0
https://www.etsy.com/listing/690396350/new-mommy-gift-set-pregnancy-present-box?ga_order=most_relevant&ga_search_type=all&ga_view_type=gallery&ga_search_query=crochet+basket+nursery&ref=sr_gallery-5-43&organic_search_click=1&frs=1,$,88.00,,0
https://www.etsy.com/listing/690396350/new-mommy-gift-set-pregnancy-present-box?ga_order=most_relevant&ga_search_type=all&ga_view_type=gallery&ga_search_query=crochet+basket+nursery&ref=sr_gallery-5-43&organic_search_click=1&frs=1,$,88.00,,0
https://www.etsy.com/listing/690396350/new-mommy-gift-set-pregnancy-present-box?ga_order=most_relevant&ga_search_type=all&ga_view_type=gallery&ga_search_query=crochet+basket+nursery&ref=sr_gallery-5-43&organic_search_click=1&frs=1,$,88.00,,0
https://www.etsy.com/listing/690396350/new-mommy-gift-set-pregnancy-present-box?ga_order=most_relevant&ga_search_type=all&ga_view_type=gallery&ga_search_query=crochet+basket+nursery&ref=sr_gallery-5-43&organic_search_click=1&frs=1,$,88.00,,0
https://www.etsy.com/listing/690396350/new-mommy-gift-set-pregnancy-present-box?ga_order=most_relevant&ga_search_type=all&ga_view_type=gallery&ga_search_query=crochet+basket+nursery&ref=sr_gallery-5-43&organic_search_click=1&frs=1,$,88.00,,0
https://www.etsy.com/listing/690396350/new-mommy-gift-set-pregnancy-present-box?ga_order=most_relevant&ga_search_type=all&ga_view_type=gallery&ga_search_query=crochet+basket+nursery&ref=sr_gallery-5-43&organic_search_click=1&frs=1,$,88.00,,0
https://www.etsy.com/listing/690396350/new-mommy-gift-set-pregnancy-present-box?ga_order=most_relevant&ga_search_type=all&ga_view_type=gallery&ga_search_query=crochet+basket+nursery&ref=sr_gallery-5-43&organic_search_click=1&frs=1,$,88.00,,0
https://www.etsy.com/listing/690396350/new-mommy-gift-set-pregnancy-present-box?ga_order=most_relevant&ga_search_type=all&ga_view_type=gallery&ga_search_query=crochet+basket+nursery&ref=sr_gallery-5-43&organic_search_click=1&frs=1,$,88.00,,0
https://www.etsy.com/listing/690396350/new-mommy-gift-set-pregnancy-present-box?ga_order=most_relevant&ga_search_type=all&ga_view_type=gallery&ga_search_query=crochet+basket+nursery&ref=sr_gallery-5-43&organic_search_click=1&frs=1,$,88.00,,0
https://www.etsy.com/listing/690396350/new-mommy-gift-set-pregnancy-present-box?ga_order=most_relevant&ga_search_type=all&ga_view_type=gallery&ga_search_query=crochet+basket+nursery&ref=sr_gallery-5-43&organic_search_click=1&frs=1,$,88.00,,0
https://www.etsy.com/listing/690396350/new-mommy-gift-set-pregnancy-present-box?ga_order=most_relevant&ga_search_type=all&ga_view_type=gallery&ga_search_query=crochet+basket+nursery&ref=sr_gallery-5-43&organic_search_click=1&frs=1,$,88.00,,0
https://www.etsy.com/listing/690396350/new-mommy-gift-set-pregnancy-present-box?ga_order=most_relevant&ga_search_type=all&ga_view_type=gallery&ga_search_query=crochet+basket+nursery&ref=sr_gallery-5-43&organic_search_click=1&frs=1,$,88.00,,0
https://www.etsy.com/listing/690396350/new-mommy-gift-set-pregnancy-present-box?ga_order=most_relevant&ga_search_type=all&ga_view_type=gallery&ga_search_query=crochet+basket+nursery&ref=sr_gallery-5-43&organic_search_click=1&frs=1,$,88.00,,0
https://www.etsy.com/listing/690396350/new-mommy-gift-set-pregnancy-present-box?ga_order=most_relevant&ga_search_type=all&ga_view_type=gallery&ga_search_query=crochet+basket+nursery&ref=sr_gallery-5-43&organic_search_click=1&frs=1,$,88.00,,0
https://www.etsy.com/listing/690396350/new-mommy-gift-set-pregnancy-present-box?ga_order=most_relevant&ga_search_type=all&ga_view_type=gallery&ga_search_query=crochet+basket+nursery&ref=sr_gallery-5-43&organic_search_click=1&frs=1,$,88.00,,0
